{
    "name":"PresideCMS Extension: SendGrid",
    "type":"preside-extensions",
    "version":"1.0.0",
    "location":"https://github.com/MitrahSoft/preside-ext-sendgrid/v001.zip",
    "author":"MitrahSoft",
    "directory":"application/extensions",
    "homepage":"https://github.com/MitrahSoft/preside-ext-sendgrid",
    "repository":{
        "type":"git",
        "URL":"https://github.com/MitrahSoft/preside-ext-sendgrid"
    },
    "slug":"preside-ext-sendgrid",
    "projectURL":"",
    "ignore":[
        ".git/*",
        ".gitignore",
        ".travis.yml",
        ".twgit_features_subject",
        "*.sh",
        "docs"
    ]
}